<result>
	<discographies>
		<album>
			<title>Parachutes</title>
			<year>2000</year>
			<tracks>
				<track>Don't Panic</track>
				<track>Shiver</track>
				<track>Spies</track>
				<track>Sparks</track>
				<track>Yellow</track>
				<track>Trouble</track>
				<track>Parachutes</track>
				<track>High Speed</track>
				<track>We Never Change</track>
				<track>Everything's Not Lost</track>
			</tracks>
		</album>
		<album>
			<title>Live at the Hollywood Bowl</title>
			<year>2003</year>
			<tracks>
			</tracks>
		</album>
		<album>
			<title>Live 2003</title>
			<year>2003</year>
			<tracks>
				<track>Politik</track>
				<track>God Put a Smile Upon Your Face</track>
				<track>A Rush of Blood to the Head</track>
				<track>One I Love</track>
				<track>See You Soon</track>
				<track>Shiver</track>
				<track>Everything's Not Lost</track>
				<track>Moses</track>
				<track>Yellow</track>
				<track>Clocks</track>
				<track>In My Place</track>
				<track>Amsterdam</track>
			</tracks>
		</album>
		<album>
			<title>Xandamp;Y</title>
			<year>2005</year>
			<tracks>
				<track>Square One</track>
				<track>What If</track>
				<track>White Shadows</track>
				<track>Fix You</track>
				<track>Talk</track>
				<track>XandY</track>
				<track>Speed of Sound</track>
				<track>A Message</track>
				<track>Low</track>
				<track>The Hardest Part</track>
				<track>Swallowed in the Sea</track>
				<track>Twisted Logic</track>
				<track>Til Kingdom Come</track>
			</tracks>
		</album>
		<album>
			<title>Viva la Vida</title>
			<year>2008</year>
			<tracks>
				<track>Life in Technicolor</track>
				<track>Cemeteries of London</track>
				<track>Lost!</track>
				<track>42</track>
				<track>Lovers in Japan/Reign of Love</track>
				<track>Yes</track>
				<track>Viva La Vida</track>
				<track>Violet Hill</track>
				<track>Strawberry Swing</track>
				<track>Death and All His Friends</track>
			</tracks>
		</album>
		<album>
			<title>LeftRightLeftRightLeft</title>
			<year>2009</year>
			<tracks>
				<track>Glass of Water</track>
				<track>42</track>
				<track>Clocks</track>
				<track>Strawberry Swing</track>
				<track>The Hardest Part/Postcards From Far Away</track>
				<track>Viva La Vida</track>
				<track>Death Will Never Conquer</track>
				<track>Fix You</track>
				<track>Death and All His Friends</track>
			</tracks>
		</album>
		<album>
			<title>Mylo Xyloto</title>
			<year>2011</year>
			<tracks>
				<track>Mylo Xyloto</track>
				<track>Hurts Like Heaven</track>
				<track>Paradise</track>
				<track>Charlie Brown</track>
				<track>Us Against the World</track>
				<track>M.M.I.X.</track>
				<track>Every Teardrop Is a Waterfall</track>
				<track>Major Minus</track>
				<track>U.F.O.</track>
				<track>Princess of China</track>
				<track>Up in Flames</track>
				<track>A Hopeful Transmission</track>
				<track>Don't Let It Break Your Heart</track>
				<track>Up with the Birds</track>
			</tracks>
		</album>
		<album>
			<title>Live 2012</title>
			<year>2012</year>
			<tracks>
				<track>Mylo Xyloto</track>
				<track>Hurts Like Heaven</track>
				<track>In My Place</track>
				<track>Major Minus</track>
				<track>Yellow</track>
				<track>God Put a Smile Upon Your Face</track>
				<track>Princess of China</track>
				<track>Up in Flames</track>
				<track>Viva la Vida</track>
				<track>Charlie Brown</track>
				<track>Paradise</track>
				<track>Us Against the World</track>
				<track>Clocks</track>
				<track>Fix You</track>
				<track>Every Teardrop Is a Waterfall</track>
				<track>Mylo Xyloto</track>
				<track>Hurts Like Heaven</track>
				<track>In My Place</track>
				<track>Major Minus</track>
				<track>Yellow</track>
				<track>Violet Hall</track>
				<track>God Put a Smile Upon Your Face</track>
				<track>Princess of China</track>
				<track>Up in Flames</track>
				<track>Viva la Vida</track>
				<track>Charlie Brown</track>
				<track>Paradise</track>
				<track>Us Against the World</track>
				<track>Clocks</track>
				<track>Fix You</track>
				<track>Every Teardrop Is a Waterfall</track>
			</tracks>
		</album>
	</discographies>
</result>
