<Allitems>

	<Item>
		<Picture>http://farm1.staticflickr.com/69/165885454_c9c12e8c73_t.jpg</Picture>
		<Author>From s0ulsurfing</Author>
	</Item>

	<Item>
		<Picture>http://farm1.staticflickr.com/150/408284697_7bfa18c759_t.jpg</Picture>
		<Author>From Rodrigo.med</Author>
	</Item>

	<Item>
		<Picture>http://farm7.staticflickr.com/6100/6241754097_d843b19804_t.jpg</Picture>
		<Author>From Elis Werneck</Author>
	</Item>

	<Item>
		<Picture>http://farm3.staticflickr.com/2482/3780416237_524b3c651d_t.jpg</Picture>
		<Author>From Anirudh Koul</Author>
	</Item>

	<Item>
		<Picture>http://farm3.staticflickr.com/2602/3780195067_d6649dd368_t.jpg</Picture>
		<Author>From Anirudh Koul</Author>
	</Item>

	<Item>
		<Picture>http://farm4.staticflickr.com/3074/2715690579_86dfd7235a_t.jpg</Picture>
		<Author>From Will Plant</Author>
	</Item>

	<Item>
		<Picture>http://farm8.staticflickr.com/7239/7329395322_541a9c5f4f_t.jpg</Picture>
		<Author>From moorebig50</Author>
	</Item>

	<Item>
		<Picture>http://farm4.staticflickr.com/3602/3286926208_b2abc577f0_t.jpg</Picture>
		<Author>From 雷獸</Author>
	</Item>

	<Item>
		<Picture>http://farm3.staticflickr.com/2174/2240247012_c2ba9d64b1_t.jpg</Picture>
		<Author>From luj i</Author>
	</Item>

	<Item>
		<Picture>http://farm3.staticflickr.com/2455/3695213569_dfd4e49ec1_t.jpg</Picture>
		<Author>From Emma-Rock...</Author>
	</Item>

</Allitems>
