<result>
	<youtube>
		<result>
			<title><![CDATA[Coldplay - Paradise]]></title>
			<time>4:21</time>
			<uploader>ColdplayVEVO</uploader>
			<id>1G4isv_Fylg</id>
			<views>171034011</views>
		</result>
		<result>
			<title><![CDATA[Coldplay - The Scientist]]></title>
			<time>4:26</time>
			<uploader>emimusic</uploader>
			<id>EqWLpTKBFcU</id>
			<views>36479613</views>
		</result>
		<result>
			<title><![CDATA[Coldplay - Viva La Vida]]></title>
			<time>4:03</time>
			<uploader>parlophone</uploader>
			<id>dvgZkm1xWPE</id>
			<views>115382702</views>
		</result>
		<result>
			<title><![CDATA[Coldplay - Yellow]]></title>
			<time>4:31</time>
			<uploader>emimusic</uploader>
			<id>1MwjX4dG72s</id>
			<views>34708033</views>
		</result>
		<result>
			<title><![CDATA[Coldplay - Clocks]]></title>
			<time>4:18</time>
			<uploader>ColdplayVEVO</uploader>
			<id>d020hcWA_Wg</id>
			<views>14532106</views>
		</result>
		<result>
			<title><![CDATA[Coldplay - Princess Of China ft. Rihanna]]></title>
			<time>3:35</time>
			<uploader>ColdplayVEVO</uploader>
			<id>1Uw6ZkbsAH8</id>
			<views>62965246</views>
		</result>
		<result>
			<title><![CDATA[Coldplay - Fix You]]></title>
			<time>4:55</time>
			<uploader>emimusic</uploader>
			<id>JI-o25K6B-E</id>
			<views>25815824</views>
		</result>
		<result>
			<title><![CDATA[Coldplay - Every Teardrop Is a Waterfall]]></title>
			<time>4:10</time>
			<uploader>ColdplayVEVO</uploader>
			<id>fyMhvkC3A84</id>
			<views>47985404</views>
		</result>
		<result>
			<title><![CDATA[Coldplay - Violet Hill]]></title>
			<time>3:44</time>
			<uploader>parlophone</uploader>
			<id>IakDItZ7f7Q</id>
			<views>35433398</views>
		</result>
		<result>
			<title><![CDATA[Coldplay - Hurts Like Heaven]]></title>
			<time>3:31</time>
			<uploader>ColdplayVEVO</uploader>
			<id>C8KV0mzqTXY</id>
			<views>6155484</views>
		</result>
		<result>
			<title><![CDATA[Coldplay-- quot;Clocksquot;]]></title>
			<time>4:52</time>
			<uploader>LunaLaVenus</uploader>
			<id>XbI1FpLd4Vk</id>
			<views>33130431</views>
		</result>
		<result>
			<title><![CDATA[Coldplay - Charlie Brown]]></title>
			<time>4:46</time>
			<uploader>ColdplayVEVO</uploader>
			<id>zTFBJgnNgU4</id>
			<views>20413182</views>
		</result>
		<result>
			<title><![CDATA[Coldplay - Life In Technicolor ii]]></title>
			<time>4:33</time>
			<uploader>parlophone</uploader>
			<id>fXSovfzyx28</id>
			<views>17123410</views>
		</result>
		<result>
			<title><![CDATA[Coldplay - Christmas Lights]]></title>
			<time>4:30</time>
			<uploader>ColdplayVEVO</uploader>
			<id>z1rYmzQ8C9Q</id>
			<views>13805474</views>
		</result>
		<result>
			<title><![CDATA[Coldplay - Trouble]]></title>
			<time>4:52</time>
			<uploader>emimusic</uploader>
			<id>kHg-PhseKOQ</id>
			<views>8982408</views>
		</result>
		<result>
			<title><![CDATA[Coldplay - Fix You]]></title>
			<time>4:56</time>
			<uploader>GalakFyarr</uploader>
			<id>pY9b6jgbNyc</id>
			<views>30876265</views>
		</result>
		<result>
			<title><![CDATA[Coldplay - Talk]]></title>
			<time>4:58</time>
			<uploader>emimusic</uploader>
			<id>W0uqLM1uj_k</id>
			<views>5612979</views>
		</result>
		<result>
			<title><![CDATA[Coldplay - Strawberry Swing]]></title>
			<time>4:14</time>
			<uploader>emimusic</uploader>
			<id>Lb9X5jMofEo</id>
			<views>7574824</views>
		</result>
		<result>
			<title><![CDATA[Coldplay - Talk]]></title>
			<time>5:01</time>
			<uploader>Jehann1999</uploader>
			<id>_N9rH2x5KUw</id>
			<views>14760060</views>
		</result>
		<result>
			<title><![CDATA[Coldplay - Paradise (Live 2012 from Paris)]]></title>
			<time>5:36</time>
			<uploader>ColdplayVEVO</uploader>
			<id>QKcxhQZxvdw</id>
			<views>1742227</views>
		</result>
		<result>
			<title><![CDATA[Parachutes Full Album - Coldplay]]></title>
			<time>41:49</time>
			<uploader>ChrisMartinFans</uploader>
			<id>8O_A7hXcshQ</id>
			<views>103591</views>
		</result>
		<result>
			<title><![CDATA[Lost-Coldplay]]></title>
			<time>3:55</time>
			<uploader>Cale Chronister</uploader>
			<id>TjYjKNGt18k</id>
			<views>8487125</views>
		</result>
		<result>
			<title><![CDATA[Coldplay Live Glastonbury 2011 therebels matrix]]></title>
			<time>1:30:30</time>
			<uploader>Reycisco .</uploader>
			<id>ua9145Ws4m8</id>
			<views>374337</views>
		</result>
		<result>
			<title><![CDATA[RIP MCA]]></title>
			<time>3:46</time>
			<uploader>ColdplayTV</uploader>
			<id>LVr4UP9ntLs</id>
			<views>3583960</views>
		</result>
		<result>
			<title><![CDATA[Coldplay - Speed Of Sound]]></title>
			<time>4:29</time>
			<uploader>emimusic</uploader>
			<id>TahH7B_aUZc</id>
			<views>11163415</views>
		</result>
		<result>
			<title><![CDATA[Coldplay - HD Rock in Rio 2011 Full Concert 720p]]></title>
			<time>1:13:10</time>
			<uploader>MrCosmoss</uploader>
			<id>znzXyDKsoYc</id>
			<views>1275592</views>
		</result>
		<result>
			<title><![CDATA[Coldplay - (HD)(Live)(Rock am Ring 2011)(Full Concert)720p]]></title>
			<time>1:19:32</time>
			<uploader>burtonbcell2</uploader>
			<id>biba07vlGHA</id>
			<views>696761</views>
		</result>
		<result>
			<title><![CDATA[Coldplay - In My Place]]></title>
			<time>3:48</time>
			<uploader>emimusic</uploader>
			<id>yEoHFzEmld0</id>
			<views>12589631</views>
		</result>
		<result>
			<title><![CDATA[Coldplay - Paradise (Official)]]></title>
			<time>4:39</time>
			<uploader>ColdplayTV</uploader>
			<id>J6ZWlDks0nQ</id>
			<views>43134968</views>
		</result>
		<result>
			<title><![CDATA[Coldplay - Full Concert (Radio 2 In Concert, 2011) [HQ Audio]]]></title>
			<time>1:07:55</time>
			<uploader>paulusthewoodgnome</uploader>
			<id>zVsBeoVKq3U</id>
			<views>308117</views>
		</result>
		<result>
			<title><![CDATA[Coldplay - Paradise (Peponi) African Style (Piano/Cello Cover) - ThePianoGuys]]></title>
			<time>4:56</time>
			<uploader>ThePianoGuys</uploader>
			<id>Cgovv8jWETM</id>
			<views>12149746</views>
		</result>
		<result>
			<title><![CDATA[Spies - Coldplay]]></title>
			<time>5:19</time>
			<uploader>ColdplayCD</uploader>
			<id>9QzDHPcNfrw</id>
			<views>655081</views>
		</result>
		<result>
			<title><![CDATA[Coldplay--quot;Swallowed In The Seaquot;]]></title>
			<time>3:55</time>
			<uploader>LunaLaVenus</uploader>
			<id>H0VsvuvKT20</id>
			<views>4903720</views>
		</result>
		<result>
			<title><![CDATA[Coldplay - Yellow Live in Sydney 2003]]></title>
			<time>5:36</time>
			<uploader>live4beck</uploader>
			<id>iYuyar-rrNY</id>
			<views>5408676</views>
		</result>
		<result>
			<title><![CDATA[Coldplay - Shiver]]></title>
			<time>5:03</time>
			<uploader>kayrol76dec</uploader>
			<id>ZWcKB8tLrEs</id>
			<views>2846537</views>
		</result>
		<result>
			<title><![CDATA[Coldplay, Rock In Rio 2011, show completo, fullShow 720P HD]]></title>
			<time>1:23:06</time>
			<uploader>Joo Araujo</uploader>
			<id>CPLnqEA9noc</id>
			<views>1424188</views>
		</result>
		<result>
			<title><![CDATA[Coldplay Full Live Concert on New Year#39;s Eve 2011/2012 Austin City Limits Special]]></title>
			<time>1:24:37</time>
			<uploader>Sai Ashwin</uploader>
			<id>MHqYPZ5Re6g</id>
			<views>273308</views>
		</result>
		<result>
			<title><![CDATA[Coldplay - Shiver]]></title>
			<time>5:01</time>
			<uploader>emimusic</uploader>
			<id>LpwW4iraV3Q</id>
			<views>3658036</views>
		</result>
		<result>
			<title><![CDATA[Coldplay - See You Soon]]></title>
			<time>3:25</time>
			<uploader>tsvorvitaliy</uploader>
			<id>dsz-EeNZBkI</id>
			<views>27029069</views>
		</result>
		<result>
			<title><![CDATA[Coldplay - The Scientist]]></title>
			<time>5:08</time>
			<uploader>ColdplayLyrics</uploader>
			<id>EdBym7kv2IM</id>
			<views>36406960</views>
		</result>
		<result>
			<title><![CDATA[Coldplay And Richard Ashcroft - Bittersweet Symphony (Live 8)]]></title>
			<time>6:57</time>
			<uploader>DoctorMusicPromoter</uploader>
			<id>ZX7xqZufO5Q</id>
			<views>53200</views>
		</result>
		<result>
			<title><![CDATA[Coldplay - quot; Charlie Brown quot; ( Mylo Xyloto ) HQ Live @ Rock am Ring festival : Germany]]></title>
			<time>4:06</time>
			<uploader>Coldplayvideo42</uploader>
			<id>-u5JM6X_XG8</id>
			<views>1393890</views>
		</result>
		<result>
			<title><![CDATA[Coldplay - Fix You (Live on Letterman)]]></title>
			<time>5:04</time>
			<uploader>ColdplayVEVO</uploader>
			<id>qb1boy6x1vo</id>
			<views>627643</views>
		</result>
		<result>
			<title><![CDATA[Coldplay-Viva la Vida]]></title>
			<time>4:29</time>
			<uploader>averageasian24</uploader>
			<id>1bJMxhvVf0o</id>
			<views>8879611</views>
		</result>
		<result>
			<title><![CDATA[Coldplay - God Put A Smile Upon Your Face]]></title>
			<time>5:00</time>
			<uploader>emimusic</uploader>
			<id>e9Kcg_8gK30</id>
			<views>2638551</views>
		</result>
		<result>
			<title><![CDATA[Don#39;t Panic - Coldplay]]></title>
			<time>2:18</time>
			<uploader>ColdplayCD</uploader>
			<id>8uxt-FnNy2I</id>
			<views>1010770</views>
		</result>
		<result>
			<title><![CDATA[Being Coldplay]]></title>
			<time>11:17</time>
			<uploader>SunriseOn7</uploader>
			<id>-gMA8qUlFC0</id>
			<views>4800</views>
		</result>
		<result>
			<title><![CDATA[Coldplay - For You]]></title>
			<time>5:44</time>
			<uploader>heiohpei</uploader>
			<id>OoqAi8OJ9T0</id>
			<views>4360322</views>
		</result>
		<result>
			<title><![CDATA[Coldplay - Green Eyes]]></title>
			<time>3:43</time>
			<uploader>Fieshy</uploader>
			<id>QbAZiVRG6h0</id>
			<views>12634527</views>
		</result>
		<result>
			<title><![CDATA[Coldplay - The Scientist (UNSTAGED)]]></title>
			<time>6:12</time>
			<uploader>ColdplayVEVO</uploader>
			<id>rLm_aSP369M</id>
			<views>567574</views>
		</result>
		<result>
			<title><![CDATA[Coldplay - White Shadows]]></title>
			<time>8:13</time>
			<uploader>Rebecza</uploader>
			<id>yfyPjLCBIG4</id>
			<views>1203667</views>
		</result>
		<result>
			<title><![CDATA[Coldplay - What If (Audio)]]></title>
			<time>5:02</time>
			<uploader>ColdplayOnline</uploader>
			<id>qVi3S5_pRoM</id>
			<views>137234</views>
		</result>
		<result>
			<title><![CDATA[Coldplay-Yellow-Lyrics]]></title>
			<time>4:36</time>
			<uploader>AliC09</uploader>
			<id>i-n75KVcGsw</id>
			<views>5725394</views>
		</result>
		<result>
			<title><![CDATA[Coldplay - Yellow Lyrics]]></title>
			<time>4:32</time>
			<uploader>lyricdude555</uploader>
			<id>91B9lOG8It8</id>
			<views>3674383</views>
		</result>
		<result>
			<title><![CDATA[Coldplay - Trouble Lyrics]]></title>
			<time>4:30</time>
			<uploader>Rhys Skinner</uploader>
			<id>UqwQAk4aJ1E</id>
			<views>403646</views>
		</result>
		<result>
			<title><![CDATA[Coldplay Backstage Interview At Capital FM#39;s Summertime Ball 2012]]></title>
			<time>5:16</time>
			<uploader>CapitalFMOfficial</uploader>
			<id>WkD_yhdVIu8</id>
			<views>15303</views>
		</result>
		<result>
			<title><![CDATA[Coldplay - Charlie Brown (Live on Letterman)]]></title>
			<time>4:42</time>
			<uploader>ColdplayVEVO</uploader>
			<id>Wl-pTejqra8</id>
			<views>515675</views>
		</result>
		<result>
			<title><![CDATA[Coldplay - Viva La Vida (in LEGO)]]></title>
			<time>4:16</time>
			<uploader>NXTManiac94</uploader>
			<id>qIuxiwhUGz4</id>
			<views>629492</views>
		</result>
		<result>
			<title><![CDATA[Coldplay a Rush of Blood to the Head]]></title>
			<time>5:51</time>
			<uploader>Coldsholds</uploader>
			<id>eoyyr1SFPCY</id>
			<views>2582398</views>
		</result>
		<result>
			<title><![CDATA[Coldplay - A Rush Of Blood To The Head(Full Album)]]></title>
			<time>54:01</time>
			<uploader>Ariel Macas</uploader>
			<id>j2WAKk_QVbk</id>
			<views>53219</views>
		</result>
		<result>
			<title><![CDATA[Viva La Vida Coldplay live at the BBC]]></title>
			<time>4:47</time>
			<uploader>wyrules</uploader>
			<id>VX1eJHE1K_s</id>
			<views>3988881</views>
		</result>
		<result>
			<title><![CDATA[Coldplay - Yellow (UNSTAGED)]]></title>
			<time>4:32</time>
			<uploader>ColdplayVEVO</uploader>
			<id>mRP72Ib2e9I</id>
			<views>410153</views>
		</result>
		<result>
			<title><![CDATA[Coldplay- Mylo Xyloto All songs]]></title>
			<time>44:14</time>
			<uploader>MrSunuwar</uploader>
			<id>pzUGuQetOrg</id>
			<views>46012</views>
		</result>
		<result>
			<title><![CDATA[Coldplay Live 2012 (Official Trailer)]]></title>
			<time>1:28</time>
			<uploader>ColdplayTV</uploader>
			<id>EB-NbV4JTjU</id>
			<views>1088418</views>
		</result>
		<result>
			<title><![CDATA[Coldplay-The Scientist (Acoustic)]]></title>
			<time>4:35</time>
			<uploader>Steven0724</uploader>
			<id>jkMGf2_NKvs</id>
			<views>10967629</views>
		</result>
		<result>
			<title><![CDATA[Coldplay - For You (Lyrics)]]></title>
			<time>5:40</time>
			<uploader>kissingsoulx3</uploader>
			<id>iNyhmlUW5Eg</id>
			<views>166378</views>
		</result>
		<result>
			<title><![CDATA[In My Place Lyrics]]></title>
			<time>3:48</time>
			<uploader>TheDizlin</uploader>
			<id>0LqzsV-HJnI</id>
			<views>1755927</views>
		</result>
		<result>
			<title><![CDATA[Coldplay - What If]]></title>
			<time>5:03</time>
			<uploader>Stephen Fiske</uploader>
			<id>FdD6RMICpfg</id>
			<views>9477519</views>
		</result>
		<result>
			<title><![CDATA[Coldplay-Sparks]]></title>
			<time>3:47</time>
			<uploader>mangosandwatermelon</uploader>
			<id>jx-K3Il3s_o</id>
			<views>1224370</views>
		</result>
		<result>
			<title><![CDATA[Coldplay - Paradise Lyrics]]></title>
			<time>4:35</time>
			<uploader>SonicJasfast</uploader>
			<id>cyoXP3w7dp4</id>
			<views>11002116</views>
		</result>
		<result>
			<title><![CDATA[Coldplay - Fix You (Live Tokyo 2009) (High Quality video) (HQ)]]></title>
			<time>5:10</time>
			<uploader>TheLucho108</uploader>
			<id>aeEEFKeGcTc</id>
			<views>2287433</views>
		</result>
		<result>
			<title><![CDATA[Coldplay - The Hardest Part]]></title>
			<time>4:51</time>
			<uploader>emimusic</uploader>
			<id>1Tp0r9197uo</id>
			<views>3974600</views>
		</result>
		<result>
			<title><![CDATA[Clocks by Coldplay {lyrics}]]></title>
			<time>5:05</time>
			<uploader>vamninja317</uploader>
			<id>MIHZBKl7KPw</id>
			<views>1396115</views>
		</result>
		<result>
			<title><![CDATA[Back to the Start]]></title>
			<time>2:20</time>
			<uploader>chipotle</uploader>
			<id>aMfSGt6rHos</id>
			<views>7010607</views>
		</result>
		<result>
			<title><![CDATA[How to Play : Paradise by Coldplay - Piano amp; Vocals - PTM]]></title>
			<time>16:02</time>
			<uploader>ThePianoTutorialMan</uploader>
			<id>NNF-tNYSDdk</id>
			<views>85182</views>
		</result>
		<result>
			<title><![CDATA[Coldplay - Major Minus (Official)]]></title>
			<time>3:31</time>
			<uploader>ColdplayTV</uploader>
			<id>n1O9X0_WNTY</id>
			<views>4577483</views>
		</result>
		<result>
			<title><![CDATA[Coldplay - Fix You (UNSTAGED)]]></title>
			<time>5:18</time>
			<uploader>ColdplayVEVO</uploader>
			<id>6BU-1ukQ3vo</id>
			<views>643225</views>
		</result>
		<result>
			<title><![CDATA[Coldplay - The Scientist - Glastonbury 2005]]></title>
			<time>6:14</time>
			<uploader>colleenblueblue</uploader>
			<id>0w7WJYQpBk0</id>
			<views>534851</views>
		</result>
		<result>
			<title><![CDATA[Coldplay - Xamp;Y (Full Album) (HD 1080p)]]></title>
			<time>1:02:41</time>
			<uploader>Hazmat481</uploader>
			<id>0hFUUZZGHzY</id>
			<views>35792</views>
		</result>
		<result>
			<title><![CDATA[London 2012 Coldplay Ft Rihanna Viva la Vida Paralympic Games Closing Ceremony]]></title>
			<time>13:07</time>
			<uploader>surethom</uploader>
			<id>4ykjFhu48f8</id>
			<views>217894</views>
		</result>
		<result>
			<title><![CDATA[Coldplay - Charlie Brown (Live at BRIT Awards 2012)]]></title>
			<time>3:48</time>
			<uploader>BRITAwardsVEVO</uploader>
			<id>yqEYKkjQEt0</id>
			<views>447267</views>
		</result>
		<result>
			<title><![CDATA[Coldplay perform Every Teardrop is a Waterfall live at Glastonbury 2011]]></title>
			<time>4:23</time>
			<uploader>BBC</uploader>
			<id>DOMZhftTpAg</id>
			<views>1573489</views>
		</result>
		<result>
			<title><![CDATA[Coldplay Clocks lyrics]]></title>
			<time>5:15</time>
			<uploader>TheFartCushion</uploader>
			<id>QGr8Y0YTJzY</id>
			<views>784974</views>
		</result>
		<result>
			<title><![CDATA[Coldplay - How You See The World (Toronto 2006) HD]]></title>
			<time>4:03</time>
			<uploader>Tom Ma?ek</uploader>
			<id>Qbuj7JKEzDM</id>
			<views>34624</views>
		</result>
		<result>
			<title><![CDATA[Coldplay - Every Teardrop Is A Waterfall (Live on Letterman)]]></title>
			<time>4:08</time>
			<uploader>ColdplayVEVO</uploader>
			<id>QVgpKQtEoqg</id>
			<views>501149</views>
		</result>
		<result>
			<title><![CDATA[Coldplay quot;Lovers In Japanquot; Live At The BBC 6/18/08]]></title>
			<time>4:12</time>
			<uploader>vivacoldplay</uploader>
			<id>TYyN935tN7A</id>
			<views>484078</views>
		</result>
		<result>
			<title><![CDATA[We Never Change - Coldplay]]></title>
			<time>4:09</time>
			<uploader>ColdplayCD</uploader>
			<id>uZSobH1wiiM</id>
			<views>2611088</views>
		</result>
		<result>
			<title><![CDATA[Coldplay - Rock In Rio 2011 Full Show HD (Show Completo)]]></title>
			<time>1:22:25</time>
			<uploader>RockinRioHQ</uploader>
			<id>X0DAzVQLxYM</id>
			<views>842774</views>
		</result>
		<result>
			<title><![CDATA[Coldplay- when i ruled the world]]></title>
			<time>4:05</time>
			<uploader>Sorrow54</uploader>
			<id>lf8dy_Z_efU</id>
			<views>235932</views>
		</result>
		<result>
			<title><![CDATA[Coldplay - quot;Mylo Xyloto + Hurts Like Heavenquot; ( Mylo Xyloto ) HQ Live @ Rock am Ring festival:Germany]]></title>
			<time>4:46</time>
			<uploader>Coldplayvideo42</uploader>
			<id>V_fEWsM4mNc</id>
			<views>739355</views>
		</result>
		<result>
			<title><![CDATA[Within Temptation - Paradise (Coldplay Cover)]]></title>
			<time>3:26</time>
			<uploader>WTlover90</uploader>
			<id>Xz-uH7G_baw</id>
			<views>44100</views>
		</result>
		<result>
			<title><![CDATA[Coldplay - the scientist subtitulado espaol]]></title>
			<time>5:08</time>
			<uploader>musikmau</uploader>
			<id>GXO4rXMF8tw</id>
			<views>379558</views>
		</result>
		<result>
			<title><![CDATA[Coldplay Vs Swedish House Mafia - Every Teardrop Is A Waterfall (live)]]></title>
			<time>4:41</time>
			<uploader>swedishhousemafiaTV</uploader>
			<id>zdwydslZlOI</id>
			<views>1162905</views>
		</result>
		<result>
			<title><![CDATA[Coldplay - quot; Every Teardrop is a Waterfall quot; ( Mylo Xyloto ) HQ Live @ Rock am Ring Festival:Germany]]></title>
			<time>4:19</time>
			<uploader>Coldplayvideo42</uploader>
			<id>tB-GWZl1fVM</id>
			<views>2561782</views>
		</result>
		<result>
			<title><![CDATA[Coldplay - Lost!]]></title>
			<time>4:22</time>
			<uploader>CapitolMusic</uploader>
			<id>7HkjGg_pPJU</id>
			<views>3370915</views>
		</result>
		<result>
			<title><![CDATA[Coldplay - Things I Don#39;t Understand]]></title>
			<time>5:02</time>
			<uploader>aistbal</uploader>
			<id>G2o5W--LhhA</id>
			<views>392874</views>
		</result>
	</youtube>
</result>
